DDLJ,13:10 Mon,13th Nov,2106
DDLJ,13:10 Mon,13th Nov,2106
DDLJ,13:10 Mon,13th Nov,2106
DDLJ,13:10 Mon,13th Nov,2106
DDLJ,13:10 Mon,13th Nov,2106
DDLJ,13:10 Mon,13th Nov,2106
DDLJ,13:10 Mon,13th Nov,2106
DDLJ,13:10 Mon,13th Nov,2106
DDLJ,13:10 Mon,13th Nov,2106,3DDLJ,13:10 Mon,13th Nov,2106,3DDLJ,13:10 Mon,13th Nov,2106,3DDLJ,13:10 Mon,13th Nov,2106,3DDLJ,13:10 Mon,13th Nov,2106,3DDLJ,13:10 Mon,13th Nov,2106,3DDLJ,13:10 Mon,13th Nov,2106,3DDLJ,13:10 Mon,13th Nov,2106,3DDLJ,13:10 Mon,13th Nov,2106,3DDLJ,13:10 Mon,13th Nov,2106,3DDLJ,13:10 Mon,13th Nov,2106,3DDLJ,13:10 Mon,13th Nov,2106,3DDLJ,13:10 Mon,13th Nov,2106,3,
DDLJ,13:10 Mon,13th Nov,2106,3,
DDLJ,13:10 Mon,13th Nov,2106,3,
DDLJ,13:10 Mon,13th Nov,2106,3,
DDLJ,13:10 Mon 13th Nov 2106,3,
DDLJ,13:10 Mon 13th Nov 2106,3,
DDLJ,13:10 Mon 13th Nov 2106,3,
DDLJ,13:10 Mon 13th Nov 2106,3,
DDLJ,13:10 Mon 13th Nov 2106,3,
DDLJ,13:10 Mon 13th Nov 2106,3,
DDLJ,13:10 Mon 13th Nov 2106,3,
DDLJ,13:10 Mon 13th Nov 2106,3,
DDLJ,13:10 Mon 13th Nov 2106,3,
DDLJ,13:10 Mon 13th Nov 2106,3,
DDLJ,13:10 Mon 13th Nov 2106,3,
DDLJ,13:10 Mon 13th Nov 2106,3,
